case,parent_case,restart_snapshot,restart_snapshot_sha256,Oh,Bond,MAXlevel,MINlevel,focus_cap,keStopMax,simulation_commit,basilisk_ref,basilisk_commit,slurm_job_id,slurm_state,scientific_terminal_state,snapshot_count,archive_path,param_path,log_path,manuscript_role,notes
3010,,,,0.02297,0,13,4,12,1e4,e35ebdc3c0f8dfc60d45a96eae426b38b75f22b1,v2026-01-13,0aef3771998d04a7636efe6fdbb7691d947561f2,24403086,COMPLETED 0:0,tmax reached at t=1.49906250,727,SBB-OhSweep-Archive-2026-07/Bo0/3010,data-Oh-0.02297/3010_L13_case.params,data-Oh-0.02297/3010_L13_log.txt,Oh=0.02297 grid-convergence L13,Slurm elapsed 1:08:38
4012,,,,0.022974,0,14,4,12,1e4,e35ebdc3c0f8dfc60d45a96eae426b38b75f22b1,v2026-01-13,0aef3771998d04a7636efe6fdbb7691d947561f2,24410914,COMPLETED 0:0,tmax reached at t=1.49828125,873,SBB-OhSweep-Archive-2026-07/Bo0-L14/4012,data-Oh-0.02297/4012_L14_case.params,data-Oh-0.02297/4012_L14_log.txt,Oh=0.02297 grid-convergence L14,Slurm elapsed 3:58:49
3013,,,,0.03031,0,13,4,12,1e4,e35ebdc3c0f8dfc60d45a96eae426b38b75f22b1,v2026-01-13,0aef3771998d04a7636efe6fdbb7691d947561f2,24403090,COMPLETED 0:0,tmax reached at t=1.50000000,674,SBB-OhSweep-Archive-2026-07/Bo0/3013,data-Oh-0.03/3013_L13_case.params,data-Oh-0.03/3013_L13_log.txt,Oh=0.03 grid-convergence L13,Slurm elapsed 1:16:47
4015,,,,0.030314,0,14,4,12,1e4,e35ebdc3c0f8dfc60d45a96eae426b38b75f22b1,v2026-01-13,0aef3771998d04a7636efe6fdbb7691d947561f2,24410917,COMPLETED 0:0,tmax reached at t=1.49906250,636,SBB-OhSweep-Archive-2026-07/Bo0-L14/4015,data-Oh-0.03/4015_L14_case.params,data-Oh-0.03/4015_L14_log.txt,Oh=0.03 grid-convergence L14,Slurm elapsed 1:26:29
5001,,,,0.030000,0,15,4,13,1e4,e35ebdc3c0f8dfc60d45a96eae426b38b75f22b1,v2026-01-13,0aef3771998d04a7636efe6fdbb7691d947561f2,24427261,COMPLETED 0:0,tmax reached at t=1.49953125,662,SBB-OhSweep-Archive-2026-07/Bo0-L14/5001,data-Oh-0.03/5001_L15_focus13_case.params,data-Oh-0.03/5001_L15_focus13_log.txt,Oh=0.03 grid-convergence L15 focus13,Slurm elapsed 1d 1:30:26
5003,,,,0.030000,0,15,4,14,1e4,e35ebdc3c0f8dfc60d45a96eae426b38b75f22b1,v2026-01-13,0aef3771998d04a7636efe6fdbb7691d947561f2,24461370,COMPLETED 0:0,KE gate 195656 greater than 1e4 at t=0.50174385,281,SBB-OhSweep-Archive-2026-07/Bo0-L14/5003,data-Oh-0.03/5003_L15_focus14_case.params,data-Oh-0.03/5003_L15_focus14_log.txt,Fig. 2(a) snapshots and Oh=0.03 L15 focus14 series,Slurm elapsed 19:19:04
5004,,,,0.030000,0,15,4,15,1e4,e35ebdc3c0f8dfc60d45a96eae426b38b75f22b1,v2026-01-13,0aef3771998d04a7636efe6fdbb7691d947561f2,24464902;24466617,CANCELLED by user;COMPLETED 0:0,decisive rerun hit KE gate 23156.6 greater than 1e4 at t=0.49505452,176,SBB-OhSweep-Archive-2026-07/Bo0-L14/5004,data-Oh-0.03/5004_L15_focus15_case.params,data-Oh-0.03/5004_L15_focus15_log.txt,focus15 parent run for case 5008,First job was cancelled after 0:14:18; decisive rerun elapsed 3:24:59 and last snapshot is 0.490625
5008,5004,0.490625,not-recorded,0.030000,0,15,4,15,1e6,e35ebdc3c0f8dfc60d45a96eae426b38b75f22b1,v2026-01-13,0aef3771998d04a7636efe6fdbb7691d947561f2,24472158,CANCELLED DUE TO TIME LIMIT,time limit at t=0.49776226,0,SBB-OhSweep-Archive-2026-07/Bo0-L14/5008,data-Oh-0.03/5008_L15_focus15_case.params,data-Oh-0.03/5008_L15_focus15_log.txt,Fig. 2 reference L15 focus15 series,Restart is byte-identical to case 5004 snapshot 0.490625; no new intermediate snapshots; restart checksum intentionally omitted
6001,,0.499844,not-recorded,0.030000,0,16,4,14,1e6,aa69c79686631eb4a680f5b83969b9b23e221c74,v2026-01-13,0aef3771998d04a7636efe6fdbb7691d947561f2,26007532;26186085,FAILED 1:0 disk quota;COMPLETED 0:0,tmax reached at t=1.49957031,740,SBB-OhSweep-Archive-2026-07/R1-Oh0.03-L16/6001,data-Oh-0.03/6001_L16_focus14_case.params,data-Oh-0.03/6001_L16_focus14_log.txt,PRL R1 L16 grid-convergence series,Initial allocation stopped on project quota after writing the restart; the recorded restart job completed cleanly and the archived raw tree was independently verified
